{
  "gate_activations": {
    "h_to_g": {
      "mean": 0.5082545280456543,
      "std": 0.2613247036933899,
      "min": 0.000305046618450433,
      "max": 0.9998071789741516,
      "per_dim_mean": [
        0.42875000834465027,
        0.5549042820930481,
        0.4033229947090149,
        0.5599424839019775,
        0.48743554949760437,
        0.40337103605270386,
        0.6300498247146606,
        0.5024319291114807,
        0.4356193244457245,
        0.5666871666908264,
        0.5489113330841064,
        0.38625189661979675,
        0.5519148707389832,
        0.5745598077774048,
        0.5680844783782959,
        0.5944908857345581,
        0.5234162211418152,
        0.47997748851776123,
        0.37474653124809265,
        0.5697438716888428,
        0.5103654265403748,
        0.5161974430084229,
        0.5318158864974976,
        0.4205058813095093,
        0.4750211834907532,
        0.48716098070144653,
        0.565375804901123,
        0.6045053005218506,
        0.5172094106674194,
        0.3253469467163086,
        0.5764180421829224,
        0.5895939469337463
      ]
    },
    "g_to_y": {
      "mean": 0.7020793557167053,
      "std": 0.3557378947734833,
      "min": 0.0001350635866401717,
      "max": 1.0,
      "per_dim_mean": [
        0.7584390640258789,
        0.6789217591285706,
        0.7122681736946106,
        0.6879828572273254,
        0.706112265586853,
        0.6878055334091187,
        0.746180534362793,
        0.7033980488777161,
        0.7087051868438721,
        0.6481937170028687,
        0.7005417346954346,
        0.7102892994880676,
        0.7660487294197083,
        0.719428300857544,
        0.6654013991355896,
        0.696146547794342,
        0.6615886688232422,
        0.6924653053283691,
        0.6690453290939331,
        0.7108757495880127,
        0.7123600244522095,
        0.725448489189148,
        0.7445557713508606,
        0.694733202457428,
        0.7681034803390503,
        0.6686609983444214,
        0.7008019089698792,
        0.6914530396461487,
        0.7047878503799438,
        0.6790157556533813,
        0.6747570037841797,
        0.6729004383087158
      ]
    },
    "y_to_h": {
      "mean": 0.4378388226032257,
      "std": 0.4191165268421173,
      "min": 2.37186724254268e-12,
      "max": 1.0,
      "per_dim_mean": [
        0.424948126077652,
        0.5223110914230347,
        0.37228119373321533,
        0.5043607950210571,
        0.07443113625049591,
        0.24748638272285461,
        0.1708097755908966,
        0.3109121024608612,
        0.6638683676719666,
        0.6713348031044006,
        0.22303086519241333,
        0.505683183670044,
        0.46139127016067505,
        0.4375702142715454,
        0.5519983768463135,
        0.36983364820480347,
        0.6103928089141846,
        0.5412738919258118,
        0.510898768901825,
        0.7068307399749756,
        0.18240408599376678,
        0.3596703112125397,
        0.428913950920105,
        0.4692617356777191,
        0.535902738571167,
        0.5707687735557556,
        0.3602229952812195,
        0.5413238406181335,
        0.35279151797294617,
        0.41076773405075073,
        0.5523921847343445,
        0.3646760880947113
      ]
    }
  },
  "agent_r2": {
    "hydro": {
      "overall": 0.999488353729248,
      "per_output": [
        0.9992581009864807,
        0.99961918592453,
        0.9995876550674438
      ]
    },
    "geochem": {
      "overall": 0.00232945685274899,
      "per_output": [
        0.026987016201019287,
        0.022191226482391357,
        -0.004485726356506348,
        -0.0060176849365234375,
        -0.027026653289794922
      ]
    },
    "hysteresis": {
      "overall": 0.7831857204437256,
      "per_output": [
        0.7768232822418213,
        0.7895478010177612
      ]
    }
  },
  "n_samples_val": 49451,
  "n_samples_test": 49500,
  "n_total_gate_samples": 98951,
  "message_dim": 32
}