{
  "seeds": [
    42,
    123,
    456
  ],
  "runs": [
    {
      "seed": 42,
      "phase1": {
        "r2": 0.9704253077507019,
        "r2_P": 0.9755033254623413,
        "r2_Sw": 0.9695964455604553,
        "r2_Sg": 0.9661754369735718,
        "rmse": 8.142916600289931,
        "violations": 0.0,
        "attention_mean": [
          0.0519464947283268,
          0.4767405688762665,
          0.4713110327720642
        ]
      },
      "phase2": {
        "r2": 0.9680395126342773,
        "r2_P": 0.9686121940612793,
        "r2_Sw": 0.969154953956604,
        "r2_Sg": 0.966350793838501,
        "communication": 0.0
      },
      "phase3": {
        "r2": 0.9677401185035706,
        "r2_P": 0.9401707053184509,
        "r2_Sw": 0.9816548824310303,
        "r2_Sg": 0.9813944697380066,
        "communication": 1.0
      },
      "phase4": {
        "r2": 0.9770285487174988,
        "r2_P": 0.9592382907867432,
        "r2_Sw": 0.9860333800315857,
        "r2_Sg": 0.9858134388923645,
        "communication": 1.0
      }
    },
    {
      "seed": 123,
      "phase1": {
        "r2": 0.9704253077507019,
        "r2_P": 0.9755033254623413,
        "r2_Sw": 0.9695964455604553,
        "r2_Sg": 0.9661754369735718,
        "rmse": 8.142916600289931,
        "violations": 0.0,
        "attention_mean": [
          0.0519464947283268,
          0.4767405688762665,
          0.4713110327720642
        ]
      },
      "phase2": {
        "r2": 0.9678700566291809,
        "r2_P": 0.9690147638320923,
        "r2_Sw": 0.9687280058860779,
        "r2_Sg": 0.9658674001693726,
        "communication": 0.0
      },
      "phase3": {
        "r2": 0.9582400321960449,
        "r2_P": 0.9307692050933838,
        "r2_Sw": 0.971581757068634,
        "r2_Sg": 0.9723683595657349,
        "communication": 1.0
      },
      "phase4": {
        "r2": 0.9766798615455627,
        "r2_P": 0.9561035633087158,
        "r2_Sw": 0.9869744181632996,
        "r2_Sg": 0.9869611859321594,
        "communication": 1.0
      }
    },
    {
      "seed": 456,
      "phase1": {
        "r2": 0.9704253077507019,
        "r2_P": 0.9755033254623413,
        "r2_Sw": 0.9695964455604553,
        "r2_Sg": 0.9661754369735718,
        "rmse": 8.142916600289931,
        "violations": 0.0,
        "attention_mean": [
          0.0519464947283268,
          0.4767405688762665,
          0.4713110327720642
        ]
      },
      "phase2": {
        "r2": 0.9709585309028625,
        "r2_P": 0.9755322337150574,
        "r2_Sw": 0.9700927734375,
        "r2_Sg": 0.9672505855560303,
        "communication": 0.0
      },
      "phase3": {
        "r2": 0.9558064341545105,
        "r2_P": 0.9191322922706604,
        "r2_Sw": 0.9739390015602112,
        "r2_Sg": 0.9743480682373047,
        "communication": 1.0
      },
      "phase4": {
        "r2": 0.9734484553337097,
        "r2_P": 0.9477726221084595,
        "r2_Sw": 0.9863145351409912,
        "r2_Sg": 0.986257791519165,
        "communication": 1.0
      }
    }
  ],
  "summary": {
    "phase4_r2_mean": 0.9757189551989237,
    "phase4_r2_std": 0.0016117842937607757,
    "delta_marl_mean": -0.001469274361928304,
    "delta_marl_std": 0.001417668521402923,
    "delta_comm_mean": 0.0067629218101501465,
    "delta_comm_std": 0.003022351281749499
  },
  "timestamp": "2026-04-05T22:50:40.095817"
}