{
  "config": {
    "calib_frac": 0.1,
    "gamma": 0.3,
    "marl_epochs": 100,
    "comm_epochs": 100,
    "recalib_epochs": 50
  },
  "hydro_r2": 0.9995638728141785,
  "baseline": {
    "r2": 0.9673299789428711,
    "r2_P": 0.9729321002960205,
    "r2_Sw": 0.9663997888565063,
    "r2_Sg": 0.9626578688621521,
    "rmse": 8.559657160943459,
    "violations": 0.0,
    "attention_mean": [
      0.04915671795606613,
      0.4815366268157959,
      0.4693070948123932
    ]
  },
  "phase2": {
    "r2": 0.9712734222412109,
    "r2_P": 0.9756600856781006,
    "r2_Sw": 0.9706631302833557,
    "r2_Sg": 0.9674970507621765,
    "communication": false
  },
  "phase3": {
    "r2": 0.9432024955749512,
    "r2_P": 0.903281569480896,
    "r2_Sw": 0.9628787040710449,
    "r2_Sg": 0.963445246219635,
    "communication": true
  },
  "phase4": {
    "r2": 0.9755392670631409,
    "r2_P": 0.9543944597244263,
    "r2_Sw": 0.9862945079803467,
    "r2_Sg": 0.9859288930892944,
    "communication": true
  },
  "ablation": {
    "without_comm": {
      "r2": -0.3326370418071747,
      "r2_P": -0.1692138910293579,
      "r2_Sw": -0.4288332462310791,
      "r2_Sg": -0.399860143661499,
      "communication": false
    },
    "with_comm": {
      "r2": 0.9755392670631409,
      "r2_P": 0.9543944597244263,
      "r2_Sw": 0.9862945079803467,
      "r2_Sg": 0.9859288930892944,
      "communication": true
    },
    "delta_r2": 1.3081763088703156
  }
}